"filename", "language", "JSON", "Markdown", "JavaScript", "XML", "CSS", "HTML", "comment", "blank", "total"
"c:\Users\scy9211\OneDrive - Telia Company\Work Files\share\Work related\Copilot\Projects\Package ERP1\frontend-rjs\README.md", "Markdown", 0, 38, 0, 0, 0, 0, 0, 33, 71
"c:\Users\scy9211\OneDrive - Telia Company\Work Files\share\Work related\Copilot\Projects\Package ERP1\frontend-rjs\package-lock.json", "JSON", 21037, 0, 0, 0, 0, 0, 0, 1, 21038
"c:\Users\scy9211\OneDrive - Telia Company\Work Files\share\Work related\Copilot\Projects\Package ERP1\frontend-rjs\package.json", "JSON", 50, 0, 0, 0, 0, 0, 0, 1, 51
"c:\Users\scy9211\OneDrive - Telia Company\Work Files\share\Work related\Copilot\Projects\Package ERP1\frontend-rjs\public\index.html", "HTML", 0, 0, 0, 0, 0, 20, 23, 1, 44
"c:\Users\scy9211\OneDrive - Telia Company\Work Files\share\Work related\Copilot\Projects\Package ERP1\frontend-rjs\public\manifest.json", "JSON", 25, 0, 0, 0, 0, 0, 0, 1, 26
"c:\Users\scy9211\OneDrive - Telia Company\Work Files\share\Work related\Copilot\Projects\Package ERP1\frontend-rjs\src\App.css", "CSS", 0, 0, 0, 0, 33, 0, 0, 6, 39
"c:\Users\scy9211\OneDrive - Telia Company\Work Files\share\Work related\Copilot\Projects\Package ERP1\frontend-rjs\src\App.js", "JavaScript", 0, 0, 10, 0, 0, 0, 4, 3, 17
"c:\Users\scy9211\OneDrive - Telia Company\Work Files\share\Work related\Copilot\Projects\Package ERP1\frontend-rjs\src\App.test.js", "JavaScript", 0, 0, 7, 0, 0, 0, 0, 2, 9
"c:\Users\scy9211\OneDrive - Telia Company\Work Files\share\Work related\Copilot\Projects\Package ERP1\frontend-rjs\src\index.css", "CSS", 0, 0, 0, 0, 12, 0, 0, 2, 14
"c:\Users\scy9211\OneDrive - Telia Company\Work Files\share\Work related\Copilot\Projects\Package ERP1\frontend-rjs\src\index.js", "JavaScript", 0, 0, 8, 0, 0, 0, 0, 2, 10
"c:\Users\scy9211\OneDrive - Telia Company\Work Files\share\Work related\Copilot\Projects\Package ERP1\frontend-rjs\src\logo.svg", "XML", 0, 0, 0, 1, 0, 0, 0, 0, 1
"c:\Users\scy9211\OneDrive - Telia Company\Work Files\share\Work related\Copilot\Projects\Package ERP1\frontend-rjs\src\modules\admin\AdminPage.js", "JavaScript", 0, 0, 39, 0, 0, 0, 6, 10, 55
"c:\Users\scy9211\OneDrive - Telia Company\Work Files\share\Work related\Copilot\Projects\Package ERP1\frontend-rjs\src\modules\admin\ConfigFileGenerator.js", "JavaScript", 0, 0, 36, 0, 0, 0, 5, 17, 58
"c:\Users\scy9211\OneDrive - Telia Company\Work Files\share\Work related\Copilot\Projects\Package ERP1\frontend-rjs\src\modules\admin\CreateDBSetupsPage.js", "JavaScript", 0, 0, 23, 0, 0, 0, 2, 7, 32
"c:\Users\scy9211\OneDrive - Telia Company\Work Files\share\Work related\Copilot\Projects\Package ERP1\frontend-rjs\src\modules\admin\CreateUISetupsPage.js", "JavaScript", 0, 0, 23, 0, 0, 0, 2, 7, 32
"c:\Users\scy9211\OneDrive - Telia Company\Work Files\share\Work related\Copilot\Projects\Package ERP1\frontend-rjs\src\modules\admin\DBSetupsSearchPage.js", "JavaScript", 0, 0, 24, 0, 0, 0, 2, 8, 34
"c:\Users\scy9211\OneDrive - Telia Company\Work Files\share\Work related\Copilot\Projects\Package ERP1\frontend-rjs\src\modules\admin\UISetupsSearchPage.js", "JavaScript", 0, 0, 24, 0, 0, 0, 2, 8, 34
"c:\Users\scy9211\OneDrive - Telia Company\Work Files\share\Work related\Copilot\Projects\Package ERP1\frontend-rjs\src\modules\admin\forms\CreateDBSetupsForm.js", "JavaScript", 0, 0, 190, 0, 0, 0, 7, 25, 222
"c:\Users\scy9211\OneDrive - Telia Company\Work Files\share\Work related\Copilot\Projects\Package ERP1\frontend-rjs\src\modules\admin\forms\CreateUISetupsForm.js", "JavaScript", 0, 0, 98, 0, 0, 0, 2, 15, 115
"c:\Users\scy9211\OneDrive - Telia Company\Work Files\share\Work related\Copilot\Projects\Package ERP1\frontend-rjs\src\modules\admin\forms\ShowAllDBSetupsForm.js", "JavaScript", 0, 0, 218, 0, 0, 0, 10, 29, 257
"c:\Users\scy9211\OneDrive - Telia Company\Work Files\share\Work related\Copilot\Projects\Package ERP1\frontend-rjs\src\modules\admin\forms\ShowAllUISetupsForm.js", "JavaScript", 0, 0, 156, 0, 0, 0, 3, 21, 180
"c:\Users\scy9211\OneDrive - Telia Company\Work Files\share\Work related\Copilot\Projects\Package ERP1\frontend-rjs\src\modules\admin\menus\AdminPageMenu.js", "JavaScript", 0, 0, 94, 0, 0, 0, 16, 17, 127
"c:\Users\scy9211\OneDrive - Telia Company\Work Files\share\Work related\Copilot\Projects\Package ERP1\frontend-rjs\src\modules\admin\setups\ConstDecl.js", "JavaScript", 0, 0, 47, 0, 0, 0, 1, 1, 49
"c:\Users\scy9211\OneDrive - Telia Company\Work Files\share\Work related\Copilot\Projects\Package ERP1\frontend-rjs\src\modules\application\HomePage.js", "JavaScript", 0, 0, 36, 0, 0, 0, 5, 7, 48
"c:\Users\scy9211\OneDrive - Telia Company\Work Files\share\Work related\Copilot\Projects\Package ERP1\frontend-rjs\src\modules\application\menus\HomePageMenu.js", "JavaScript", 0, 0, 75, 0, 0, 0, 10, 12, 97
"c:\Users\scy9211\OneDrive - Telia Company\Work Files\share\Work related\Copilot\Projects\Package ERP1\frontend-rjs\src\modules\common\CommonPage.js", "JavaScript", 0, 0, 64, 0, 0, 0, 5, 8, 77
"c:\Users\scy9211\OneDrive - Telia Company\Work Files\share\Work related\Copilot\Projects\Package ERP1\frontend-rjs\src\modules\common\bom\BOMPage.js", "JavaScript", 0, 0, 13, 0, 0, 0, 1, 5, 19
"c:\Users\scy9211\OneDrive - Telia Company\Work Files\share\Work related\Copilot\Projects\Package ERP1\frontend-rjs\src\modules\common\bom\ViewBOMExplodePage.js", "JavaScript", 0, 0, 34, 0, 0, 0, 1, 8, 43
"c:\Users\scy9211\OneDrive - Telia Company\Work Files\share\Work related\Copilot\Projects\Package ERP1\frontend-rjs\src\modules\common\bom\ViewBOMModelPage.js", "JavaScript", 0, 0, 45, 0, 0, 0, 1, 9, 55
"c:\Users\scy9211\OneDrive - Telia Company\Work Files\share\Work related\Copilot\Projects\Package ERP1\frontend-rjs\src\modules\common\bom\extras\ViewBOMPage.js", "JavaScript", 0, 0, 54, 0, 0, 0, 1, 7, 62
"c:\Users\scy9211\OneDrive - Telia Company\Work Files\share\Work related\Copilot\Projects\Package ERP1\frontend-rjs\src\modules\common\bom\extras\ViewBOMResultsPage.js", "JavaScript", 0, 0, 44, 0, 0, 0, 4, 6, 54
"c:\Users\scy9211\OneDrive - Telia Company\Work Files\share\Work related\Copilot\Projects\Package ERP1\frontend-rjs\src\modules\common\bom\forms\ViewBOMForm.js", "JavaScript", 0, 0, 192, 0, 0, 0, 3, 19, 214
"c:\Users\scy9211\OneDrive - Telia Company\Work Files\share\Work related\Copilot\Projects\Package ERP1\frontend-rjs\src\modules\common\bom\forms\ViewExplodeBOMForm.js", "JavaScript", 0, 0, 150, 0, 0, 0, 2, 18, 170
"c:\Users\scy9211\OneDrive - Telia Company\Work Files\share\Work related\Copilot\Projects\Package ERP1\frontend-rjs\src\modules\common\bom\menus\BOMMenu.js", "JavaScript", 0, 0, 48, 0, 0, 0, 2, 7, 57
"c:\Users\scy9211\OneDrive - Telia Company\Work Files\share\Work related\Copilot\Projects\Package ERP1\frontend-rjs\src\modules\common\businesspartner\BusinessPartnersPage.js", "JavaScript", 0, 0, 13, 0, 0, 0, 2, 4, 19
"c:\Users\scy9211\OneDrive - Telia Company\Work Files\share\Work related\Copilot\Projects\Package ERP1\frontend-rjs\src\modules\common\businesspartner\CreatePartnerPage.js", "JavaScript", 0, 0, 27, 0, 0, 0, 3, 7, 37
"c:\Users\scy9211\OneDrive - Telia Company\Work Files\share\Work related\Copilot\Projects\Package ERP1\frontend-rjs\src\modules\common\businesspartner\PartnerSearchPage.js", "JavaScript", 0, 0, 26, 0, 0, 0, 3, 7, 36
"c:\Users\scy9211\OneDrive - Telia Company\Work Files\share\Work related\Copilot\Projects\Package ERP1\frontend-rjs\src\modules\common\businesspartner\forms\CreatePartnerForm.js", "JavaScript", 0, 0, 445, 0, 0, 0, 2, 25, 472
"c:\Users\scy9211\OneDrive - Telia Company\Work Files\share\Work related\Copilot\Projects\Package ERP1\frontend-rjs\src\modules\common\businesspartner\forms\PartnerResults.js", "JavaScript", 0, 0, 119, 0, 0, 0, 2, 16, 137
"c:\Users\scy9211\OneDrive - Telia Company\Work Files\share\Work related\Copilot\Projects\Package ERP1\frontend-rjs\src\modules\common\businesspartner\forms\PartnerSearchForm.js", "JavaScript", 0, 0, 78, 0, 0, 0, 1, 12, 91
"c:\Users\scy9211\OneDrive - Telia Company\Work Files\share\Work related\Copilot\Projects\Package ERP1\frontend-rjs\src\modules\common\businesspartner\menus\BusinessPartnerMenu.js", "JavaScript", 0, 0, 48, 0, 0, 0, 2, 6, 56
"c:\Users\scy9211\OneDrive - Telia Company\Work Files\share\Work related\Copilot\Projects\Package ERP1\frontend-rjs\src\modules\common\company\CompaniesPage.js", "JavaScript", 0, 0, 15, 0, 0, 0, 1, 3, 19
"c:\Users\scy9211\OneDrive - Telia Company\Work Files\share\Work related\Copilot\Projects\Package ERP1\frontend-rjs\src\modules\common\company\CreateCompaniesPage.js", "JavaScript", 0, 0, 27, 0, 0, 0, 3, 7, 37
"c:\Users\scy9211\OneDrive - Telia Company\Work Files\share\Work related\Copilot\Projects\Package ERP1\frontend-rjs\src\modules\common\company\ViewAllCompaniesPage.js", "JavaScript", 0, 0, 18, 0, 0, 0, 1, 7, 26
"c:\Users\scy9211\OneDrive - Telia Company\Work Files\share\Work related\Copilot\Projects\Package ERP1\frontend-rjs\src\modules\common\company\forms\CreateCompanyForm.js", "JavaScript", 0, 0, 315, 0, 0, 0, 1, 25, 341
"c:\Users\scy9211\OneDrive - Telia Company\Work Files\share\Work related\Copilot\Projects\Package ERP1\frontend-rjs\src\modules\common\company\forms\ViewAllCompaniesForm.js", "JavaScript", 0, 0, 80, 0, 0, 0, 4, 14, 98
"c:\Users\scy9211\OneDrive - Telia Company\Work Files\share\Work related\Copilot\Projects\Package ERP1\frontend-rjs\src\modules\common\company\menus\CompaniesMenu.js", "JavaScript", 0, 0, 45, 0, 0, 0, 3, 6, 54
"c:\Users\scy9211\OneDrive - Telia Company\Work Files\share\Work related\Copilot\Projects\Package ERP1\frontend-rjs\src\modules\common\currencies\CurrenciesPage.js", "JavaScript", 0, 0, 17, 0, 0, 0, 2, 4, 23
"c:\Users\scy9211\OneDrive - Telia Company\Work Files\share\Work related\Copilot\Projects\Package ERP1\frontend-rjs\src\modules\common\currencies\ViewAllCurrenciesPage.js", "JavaScript", 0, 0, 13, 0, 0, 0, 5, 6, 24
"c:\Users\scy9211\OneDrive - Telia Company\Work Files\share\Work related\Copilot\Projects\Package ERP1\frontend-rjs\src\modules\common\currencies\forms\ViewAllCurrenciesForm.js", "JavaScript", 0, 0, 84, 0, 0, 0, 1, 10, 95
"c:\Users\scy9211\OneDrive - Telia Company\Work Files\share\Work related\Copilot\Projects\Package ERP1\frontend-rjs\src\modules\common\currencies\menus\ViewCurrenciesMenu.js", "JavaScript", 0, 0, 46, 0, 0, 0, 4, 8, 58
"c:\Users\scy9211\OneDrive - Telia Company\Work Files\share\Work related\Copilot\Projects\Package ERP1\frontend-rjs\src\modules\common\department\CreateDepartmentsPage.js", "JavaScript", 0, 0, 27, 0, 0, 0, 3, 7, 37
"c:\Users\scy9211\OneDrive - Telia Company\Work Files\share\Work related\Copilot\Projects\Package ERP1\frontend-rjs\src\modules\common\department\DepartmentsPage.js", "JavaScript", 0, 0, 15, 0, 0, 0, 1, 3, 19
"c:\Users\scy9211\OneDrive - Telia Company\Work Files\share\Work related\Copilot\Projects\Package ERP1\frontend-rjs\src\modules\common\department\ViewAllDepartmentsPage.js", "JavaScript", 0, 0, 18, 0, 0, 0, 1, 7, 26
"c:\Users\scy9211\OneDrive - Telia Company\Work Files\share\Work related\Copilot\Projects\Package ERP1\frontend-rjs\src\modules\common\department\forms\CreateDepartmentForm.js", "JavaScript", 0, 0, 201, 0, 0, 0, 1, 19, 221
"c:\Users\scy9211\OneDrive - Telia Company\Work Files\share\Work related\Copilot\Projects\Package ERP1\frontend-rjs\src\modules\common\department\forms\ViewAllDepartmentsForm.js", "JavaScript", 0, 0, 78, 0, 0, 0, 0, 14, 92
"c:\Users\scy9211\OneDrive - Telia Company\Work Files\share\Work related\Copilot\Projects\Package ERP1\frontend-rjs\src\modules\common\department\menus\DepartmentsMenu.js", "JavaScript", 0, 0, 45, 0, 0, 0, 3, 6, 54
"c:\Users\scy9211\OneDrive - Telia Company\Work Files\share\Work related\Copilot\Projects\Package ERP1\frontend-rjs\src\modules\common\exchangerates\ExchangeRatesPage.js", "JavaScript", 0, 0, 17, 0, 0, 0, 1, 4, 22
"c:\Users\scy9211\OneDrive - Telia Company\Work Files\share\Work related\Copilot\Projects\Package ERP1\frontend-rjs\src\modules\common\exchangerates\ViewAllExchangeRatesPage.js", "JavaScript", 0, 0, 23, 0, 0, 0, 1, 5, 29
"c:\Users\scy9211\OneDrive - Telia Company\Work Files\share\Work related\Copilot\Projects\Package ERP1\frontend-rjs\src\modules\common\exchangerates\forms\ViewAllExchangeRatesForm.js", "JavaScript", 0, 0, 78, 0, 0, 0, 2, 12, 92
"c:\Users\scy9211\OneDrive - Telia Company\Work Files\share\Work related\Copilot\Projects\Package ERP1\frontend-rjs\src\modules\common\exchangerates\menus\ViewExchangeRatesMenu.js", "JavaScript", 0, 0, 47, 0, 0, 0, 3, 7, 57
"c:\Users\scy9211\OneDrive - Telia Company\Work Files\share\Work related\Copilot\Projects\Package ERP1\frontend-rjs\src\modules\common\groupcompany\CreateGroupCompaniesPage.js", "JavaScript", 0, 0, 27, 0, 0, 0, 3, 7, 37
"c:\Users\scy9211\OneDrive - Telia Company\Work Files\share\Work related\Copilot\Projects\Package ERP1\frontend-rjs\src\modules\common\groupcompany\GroupCompaniesPage.js", "JavaScript", 0, 0, 15, 0, 0, 0, 1, 3, 19
"c:\Users\scy9211\OneDrive - Telia Company\Work Files\share\Work related\Copilot\Projects\Package ERP1\frontend-rjs\src\modules\common\groupcompany\ViewAllGroupCompaniesPage.js", "JavaScript", 0, 0, 18, 0, 0, 0, 1, 7, 26
"c:\Users\scy9211\OneDrive - Telia Company\Work Files\share\Work related\Copilot\Projects\Package ERP1\frontend-rjs\src\modules\common\groupcompany\forms\CreateGroupCompanyForm.js", "JavaScript", 0, 0, 186, 0, 0, 0, 0, 19, 205
"c:\Users\scy9211\OneDrive - Telia Company\Work Files\share\Work related\Copilot\Projects\Package ERP1\frontend-rjs\src\modules\common\groupcompany\forms\ViewAllGroupCompaniesForm.js", "JavaScript", 0, 0, 78, 0, 0, 0, 3, 14, 95
"c:\Users\scy9211\OneDrive - Telia Company\Work Files\share\Work related\Copilot\Projects\Package ERP1\frontend-rjs\src\modules\common\groupcompany\menus\GroupCompaniesMenu.js", "JavaScript", 0, 0, 45, 0, 0, 0, 3, 6, 54
"c:\Users\scy9211\OneDrive - Telia Company\Work Files\share\Work related\Copilot\Projects\Package ERP1\frontend-rjs\src\modules\common\legalentity\CreateLegalEntityPage.js", "JavaScript", 0, 0, 27, 0, 0, 0, 3, 7, 37
"c:\Users\scy9211\OneDrive - Telia Company\Work Files\share\Work related\Copilot\Projects\Package ERP1\frontend-rjs\src\modules\common\legalentity\LegalEntityPage.js", "JavaScript", 0, 0, 15, 0, 0, 0, 1, 3, 19
"c:\Users\scy9211\OneDrive - Telia Company\Work Files\share\Work related\Copilot\Projects\Package ERP1\frontend-rjs\src\modules\common\legalentity\ViewAllLegalEntities.js", "JavaScript", 0, 0, 18, 0, 0, 0, 1, 7, 26
"c:\Users\scy9211\OneDrive - Telia Company\Work Files\share\Work related\Copilot\Projects\Package ERP1\frontend-rjs\src\modules\common\legalentity\forms\CreateLegalEntityForm.js", "JavaScript", 0, 0, 181, 0, 0, 0, 0, 14, 195
"c:\Users\scy9211\OneDrive - Telia Company\Work Files\share\Work related\Copilot\Projects\Package ERP1\frontend-rjs\src\modules\common\legalentity\forms\ViewAllLegalEntitiesForm.js", "JavaScript", 0, 0, 81, 0, 0, 0, 4, 14, 99
"c:\Users\scy9211\OneDrive - Telia Company\Work Files\share\Work related\Copilot\Projects\Package ERP1\frontend-rjs\src\modules\common\legalentity\menus\LegalEntityMenu.js", "JavaScript", 0, 0, 45, 0, 0, 0, 3, 6, 54
"c:\Users\scy9211\OneDrive - Telia Company\Work Files\share\Work related\Copilot\Projects\Package ERP1\frontend-rjs\src\modules\common\setups\config.js", "JavaScript", 0, 0, 4, 0, 0, 0, 0, 0, 4
"c:\Users\scy9211\OneDrive - Telia Company\Work Files\share\Work related\Copilot\Projects\Package ERP1\frontend-rjs\src\modules\common\taxcodes\TaxCodesPage.js", "JavaScript", 0, 0, 17, 0, 0, 0, 2, 4, 23
"c:\Users\scy9211\OneDrive - Telia Company\Work Files\share\Work related\Copilot\Projects\Package ERP1\frontend-rjs\src\modules\common\taxcodes\ViewAllTaxCodesPage.js", "JavaScript", 0, 0, 23, 0, 0, 0, 2, 8, 33
"c:\Users\scy9211\OneDrive - Telia Company\Work Files\share\Work related\Copilot\Projects\Package ERP1\frontend-rjs\src\modules\common\taxcodes\forms\ViewAllTaxCodesForm.js", "JavaScript", 0, 0, 76, 0, 0, 0, 2, 12, 90
"c:\Users\scy9211\OneDrive - Telia Company\Work Files\share\Work related\Copilot\Projects\Package ERP1\frontend-rjs\src\modules\common\taxcodes\menus\ViewTaxCodesMenu.js", "JavaScript", 0, 0, 44, 0, 0, 0, 3, 6, 53
"c:\Users\scy9211\OneDrive - Telia Company\Work Files\share\Work related\Copilot\Projects\Package ERP1\frontend-rjs\src\modules\common\uoms\UOMPage.js", "JavaScript", 0, 0, 15, 0, 0, 0, 1, 3, 19
"c:\Users\scy9211\OneDrive - Telia Company\Work Files\share\Work related\Copilot\Projects\Package ERP1\frontend-rjs\src\modules\common\uoms\ViewAllUOMsPage.js", "JavaScript", 0, 0, 18, 0, 0, 0, 1, 7, 26
"c:\Users\scy9211\OneDrive - Telia Company\Work Files\share\Work related\Copilot\Projects\Package ERP1\frontend-rjs\src\modules\common\uoms\forms\ViewAllUOMsForm.js", "JavaScript", 0, 0, 75, 0, 0, 0, 4, 14, 93
"c:\Users\scy9211\OneDrive - Telia Company\Work Files\share\Work related\Copilot\Projects\Package ERP1\frontend-rjs\src\modules\common\uoms\menus\UOMMenu.js", "JavaScript", 0, 0, 44, 0, 0, 0, 3, 6, 53
"c:\Users\scy9211\OneDrive - Telia Company\Work Files\share\Work related\Copilot\Projects\Package ERP1\frontend-rjs\src\modules\employee\CreateEmployeePage.js", "JavaScript", 0, 0, 26, 0, 0, 0, 1, 6, 33
"c:\Users\scy9211\OneDrive - Telia Company\Work Files\share\Work related\Copilot\Projects\Package ERP1\frontend-rjs\src\modules\employee\EmployeePage.js", "JavaScript", 0, 0, 34, 0, 0, 0, 1, 5, 40
"c:\Users\scy9211\OneDrive - Telia Company\Work Files\share\Work related\Copilot\Projects\Package ERP1\frontend-rjs\src\modules\employee\ViewAllEmployeesPage.js", "JavaScript", 0, 0, 17, 0, 0, 0, 0, 3, 20
"c:\Users\scy9211\OneDrive - Telia Company\Work Files\share\Work related\Copilot\Projects\Package ERP1\frontend-rjs\src\modules\employee\forms\CreateEmployeeForm.js", "JavaScript", 0, 0, 317, 0, 0, 0, 0, 34, 351
"c:\Users\scy9211\OneDrive - Telia Company\Work Files\share\Work related\Copilot\Projects\Package ERP1\frontend-rjs\src\modules\employee\forms\ViewAllEmployeesForm.js", "JavaScript", 0, 0, 88, 0, 0, 0, 0, 11, 99
"c:\Users\scy9211\OneDrive - Telia Company\Work Files\share\Work related\Copilot\Projects\Package ERP1\frontend-rjs\src\modules\employee\menus\EmployeeMenu.js", "JavaScript", 0, 0, 52, 0, 0, 0, 0, 5, 57
"c:\Users\scy9211\OneDrive - Telia Company\Work Files\share\Work related\Copilot\Projects\Package ERP1\frontend-rjs\src\modules\finance\FinancePage.js", "JavaScript", 0, 0, 31, 0, 0, 0, 2, 5, 38
"c:\Users\scy9211\OneDrive - Telia Company\Work Files\share\Work related\Copilot\Projects\Package ERP1\frontend-rjs\src\modules\finance\accounts\AccountsPage.js", "JavaScript", 0, 0, 17, 0, 0, 0, 1, 2, 20
"c:\Users\scy9211\OneDrive - Telia Company\Work Files\share\Work related\Copilot\Projects\Package ERP1\frontend-rjs\src\modules\finance\accounts\CreateAccountPage.js", "JavaScript", 0, 0, 26, 0, 0, 0, 2, 6, 34
"c:\Users\scy9211\OneDrive - Telia Company\Work Files\share\Work related\Copilot\Projects\Package ERP1\frontend-rjs\src\modules\finance\accounts\ViewAllAccountsPage.js", "JavaScript", 0, 0, 17, 0, 0, 0, 1, 4, 22
"c:\Users\scy9211\OneDrive - Telia Company\Work Files\share\Work related\Copilot\Projects\Package ERP1\frontend-rjs\src\modules\finance\accounts\forms\CreateAccountForm.js", "JavaScript", 0, 0, 299, 0, 0, 0, 7, 30, 336
"c:\Users\scy9211\OneDrive - Telia Company\Work Files\share\Work related\Copilot\Projects\Package ERP1\frontend-rjs\src\modules\finance\accounts\forms\ViewAllAccountsForm.js", "JavaScript", 0, 0, 77, 0, 0, 0, 1, 9, 87
"c:\Users\scy9211\OneDrive - Telia Company\Work Files\share\Work related\Copilot\Projects\Package ERP1\frontend-rjs\src\modules\finance\accounts\menus\AccountsMenu.js", "JavaScript", 0, 0, 47, 0, 0, 0, 4, 8, 59
"c:\Users\scy9211\OneDrive - Telia Company\Work Files\share\Work related\Copilot\Projects\Package ERP1\frontend-rjs\src\modules\finance\config\config.js", "JavaScript", 0, 0, 55, 0, 0, 0, 0, 9, 64
"c:\Users\scy9211\OneDrive - Telia Company\Work Files\share\Work related\Copilot\Projects\Package ERP1\frontend-rjs\src\modules\finance\journal\CreateJournalPage.js", "JavaScript", 0, 0, 24, 0, 0, 0, 2, 5, 31
"c:\Users\scy9211\OneDrive - Telia Company\Work Files\share\Work related\Copilot\Projects\Package ERP1\frontend-rjs\src\modules\finance\journal\JournalPage.js", "JavaScript", 0, 0, 17, 0, 0, 0, 1, 2, 20
"c:\Users\scy9211\OneDrive - Telia Company\Work Files\share\Work related\Copilot\Projects\Package ERP1\frontend-rjs\src\modules\finance\journal\SearchJournalPage.js", "JavaScript", 0, 0, 24, 0, 0, 0, 2, 5, 31
"c:\Users\scy9211\OneDrive - Telia Company\Work Files\share\Work related\Copilot\Projects\Package ERP1\frontend-rjs\src\modules\finance\journal\forms\CreateJournalForm.js", "JavaScript", 0, 0, 364, 0, 0, 0, 5, 33, 402
"c:\Users\scy9211\OneDrive - Telia Company\Work Files\share\Work related\Copilot\Projects\Package ERP1\frontend-rjs\src\modules\finance\journal\forms\CreateJournalLineModalForm.js", "JavaScript", 0, 0, 225, 0, 0, 0, 7, 17, 249
"c:\Users\scy9211\OneDrive - Telia Company\Work Files\share\Work related\Copilot\Projects\Package ERP1\frontend-rjs\src\modules\finance\journal\forms\JournalResultsForm.js", "JavaScript", 0, 0, 144, 0, 0, 0, 0, 12, 156
"c:\Users\scy9211\OneDrive - Telia Company\Work Files\share\Work related\Copilot\Projects\Package ERP1\frontend-rjs\src\modules\finance\journal\forms\SearchJournalForm.js", "JavaScript", 0, 0, 443, 0, 0, 0, 17, 51, 511
"c:\Users\scy9211\OneDrive - Telia Company\Work Files\share\Work related\Copilot\Projects\Package ERP1\frontend-rjs\src\modules\finance\journal\menus\JournalMenu.js", "JavaScript", 0, 0, 47, 0, 0, 0, 4, 8, 59
"c:\Users\scy9211\OneDrive - Telia Company\Work Files\share\Work related\Copilot\Projects\Package ERP1\frontend-rjs\src\modules\finance\purchaseinvoice\CreatePurchasePage.js", "JavaScript", 0, 0, 24, 0, 0, 0, 2, 5, 31
"c:\Users\scy9211\OneDrive - Telia Company\Work Files\share\Work related\Copilot\Projects\Package ERP1\frontend-rjs\src\modules\finance\purchaseinvoice\PurchaseInvoicePage.js", "JavaScript", 0, 0, 17, 0, 0, 0, 1, 2, 20
"c:\Users\scy9211\OneDrive - Telia Company\Work Files\share\Work related\Copilot\Projects\Package ERP1\frontend-rjs\src\modules\finance\purchaseinvoice\SearchPOInvoiceToUpdatePage.js", "JavaScript", 0, 0, 24, 0, 0, 0, 2, 5, 31
"c:\Users\scy9211\OneDrive - Telia Company\Work Files\share\Work related\Copilot\Projects\Package ERP1\frontend-rjs\src\modules\finance\purchaseinvoice\SearchPurchaseInvoicePage.js", "JavaScript", 0, 0, 24, 0, 0, 0, 2, 5, 31
"c:\Users\scy9211\OneDrive - Telia Company\Work Files\share\Work related\Copilot\Projects\Package ERP1\frontend-rjs\src\modules\finance\purchaseinvoice\forms\CreatePIDistributions.js", "JavaScript", 0, 0, 244, 0, 0, 0, 3, 26, 273
"c:\Users\scy9211\OneDrive - Telia Company\Work Files\share\Work related\Copilot\Projects\Package ERP1\frontend-rjs\src\modules\finance\purchaseinvoice\forms\CreatePurchaseForm.js", "JavaScript", 0, 0, 479, 0, 0, 0, 20, 49, 548
"c:\Users\scy9211\OneDrive - Telia Company\Work Files\share\Work related\Copilot\Projects\Package ERP1\frontend-rjs\src\modules\finance\purchaseinvoice\forms\CreatePurchaseLineModalForm.js", "JavaScript", 0, 0, 304, 0, 0, 0, 0, 32, 336
"c:\Users\scy9211\OneDrive - Telia Company\Work Files\share\Work related\Copilot\Projects\Package ERP1\frontend-rjs\src\modules\finance\purchaseinvoice\forms\PurchaseInvoiceResultsForm.js", "JavaScript", 0, 0, 281, 0, 0, 0, 0, 15, 296
"c:\Users\scy9211\OneDrive - Telia Company\Work Files\share\Work related\Copilot\Projects\Package ERP1\frontend-rjs\src\modules\finance\purchaseinvoice\forms\SearchPOInvoiceToUpdateForm.js", "JavaScript", 0, 0, 377, 0, 0, 0, 21, 45, 443
"c:\Users\scy9211\OneDrive - Telia Company\Work Files\share\Work related\Copilot\Projects\Package ERP1\frontend-rjs\src\modules\finance\purchaseinvoice\forms\SearchPOInvoiceToUpdateFormBKP.js", "JavaScript", 0, 0, 377, 0, 0, 0, 21, 45, 443
"c:\Users\scy9211\OneDrive - Telia Company\Work Files\share\Work related\Copilot\Projects\Package ERP1\frontend-rjs\src\modules\finance\purchaseinvoice\forms\SearchPurchaseInvoiceForm.js", "JavaScript", 0, 0, 377, 0, 0, 0, 15, 48, 440
"c:\Users\scy9211\OneDrive - Telia Company\Work Files\share\Work related\Copilot\Projects\Package ERP1\frontend-rjs\src\modules\finance\purchaseinvoice\forms\UpdatePOInvoiceHeaderForm.js", "JavaScript", 0, 0, 281, 0, 0, 0, 0, 15, 296
"c:\Users\scy9211\OneDrive - Telia Company\Work Files\share\Work related\Copilot\Projects\Package ERP1\frontend-rjs\src\modules\finance\purchaseinvoice\forms\UpdatePOInvoiceHeaderFormBKP.js", "JavaScript", 0, 0, 281, 0, 0, 0, 0, 15, 296
"c:\Users\scy9211\OneDrive - Telia Company\Work Files\share\Work related\Copilot\Projects\Package ERP1\frontend-rjs\src\modules\finance\purchaseinvoice\menus\PurchaseInvoiceMenu.js", "JavaScript", 0, 0, 47, 0, 0, 0, 4, 8, 59
"c:\Users\scy9211\OneDrive - Telia Company\Work Files\share\Work related\Copilot\Projects\Package ERP1\frontend-rjs\src\modules\inapp-help\display\HELP_AdminPageMenu.js", "JavaScript", 0, 0, 23, 0, 0, 0, 0, 4, 27
"c:\Users\scy9211\OneDrive - Telia Company\Work Files\share\Work related\Copilot\Projects\Package ERP1\frontend-rjs\src\modules\inapp-help\display\HELP_CommonPage.js", "JavaScript", 0, 0, 51, 0, 0, 0, 0, 13, 64
"c:\Users\scy9211\OneDrive - Telia Company\Work Files\share\Work related\Copilot\Projects\Package ERP1\frontend-rjs\src\modules\inapp-help\display\HELP_CreateAccountPage.js", "JavaScript", 0, 0, 27, 0, 0, 0, 0, 3, 30
"c:\Users\scy9211\OneDrive - Telia Company\Work Files\share\Work related\Copilot\Projects\Package ERP1\frontend-rjs\src\modules\inapp-help\display\HELP_CreateCompaniesPage.js", "JavaScript", 0, 0, 37, 0, 0, 0, 0, 6, 43
"c:\Users\scy9211\OneDrive - Telia Company\Work Files\share\Work related\Copilot\Projects\Package ERP1\frontend-rjs\src\modules\inapp-help\display\HELP_CreateDepartmentsPage.js", "JavaScript", 0, 0, 35, 0, 0, 0, 0, 6, 41
"c:\Users\scy9211\OneDrive - Telia Company\Work Files\share\Work related\Copilot\Projects\Package ERP1\frontend-rjs\src\modules\inapp-help\display\HELP_CreateEmployeePage.js", "JavaScript", 0, 0, 49, 0, 0, 0, 0, 6, 55
"c:\Users\scy9211\OneDrive - Telia Company\Work Files\share\Work related\Copilot\Projects\Package ERP1\frontend-rjs\src\modules\inapp-help\display\HELP_CreateGroupCompaniesPage.js", "JavaScript", 0, 0, 34, 0, 0, 0, 0, 6, 40
"c:\Users\scy9211\OneDrive - Telia Company\Work Files\share\Work related\Copilot\Projects\Package ERP1\frontend-rjs\src\modules\inapp-help\display\HELP_CreateJournalPage.js", "JavaScript", 0, 0, 23, 0, 0, 0, 0, 4, 27
"c:\Users\scy9211\OneDrive - Telia Company\Work Files\share\Work related\Copilot\Projects\Package ERP1\frontend-rjs\src\modules\inapp-help\display\HELP_CreateLegalEntityPage.js", "JavaScript", 0, 0, 21, 0, 0, 0, 0, 6, 27
"c:\Users\scy9211\OneDrive - Telia Company\Work Files\share\Work related\Copilot\Projects\Package ERP1\frontend-rjs\src\modules\inapp-help\display\HELP_CreatePOPage.js", "JavaScript", 0, 0, 23, 0, 0, 0, 0, 4, 27
"c:\Users\scy9211\OneDrive - Telia Company\Work Files\share\Work related\Copilot\Projects\Package ERP1\frontend-rjs\src\modules\inapp-help\display\HELP_CreatePOReceiptPage.js", "JavaScript", 0, 0, 23, 0, 0, 0, 0, 4, 27
"c:\Users\scy9211\OneDrive - Telia Company\Work Files\share\Work related\Copilot\Projects\Package ERP1\frontend-rjs\src\modules\inapp-help\display\HELP_CreatePartnerPage.js", "JavaScript", 0, 0, 90, 0, 0, 0, 0, 5, 95
"c:\Users\scy9211\OneDrive - Telia Company\Work Files\share\Work related\Copilot\Projects\Package ERP1\frontend-rjs\src\modules\inapp-help\display\HELP_CreateProdCatPage.js", "JavaScript", 0, 0, 50, 0, 0, 0, 0, 6, 56
"c:\Users\scy9211\OneDrive - Telia Company\Work Files\share\Work related\Copilot\Projects\Package ERP1\frontend-rjs\src\modules\inapp-help\display\HELP_CreatePurchasePage.js", "JavaScript", 0, 0, 23, 0, 0, 0, 0, 4, 27
"c:\Users\scy9211\OneDrive - Telia Company\Work Files\share\Work related\Copilot\Projects\Package ERP1\frontend-rjs\src\modules\inapp-help\display\HELP_CreateReceiptPage.js", "JavaScript", 0, 0, 36, 0, 0, 0, 0, 3, 39
"c:\Users\scy9211\OneDrive - Telia Company\Work Files\share\Work related\Copilot\Projects\Package ERP1\frontend-rjs\src\modules\inapp-help\display\HELP_EmployeePage.js", "JavaScript", 0, 0, 19, 0, 0, 0, 1, 4, 24
"c:\Users\scy9211\OneDrive - Telia Company\Work Files\share\Work related\Copilot\Projects\Package ERP1\frontend-rjs\src\modules\inapp-help\display\HELP_FinancePage.js", "JavaScript", 0, 0, 31, 0, 0, 0, 0, 3, 34
"c:\Users\scy9211\OneDrive - Telia Company\Work Files\share\Work related\Copilot\Projects\Package ERP1\frontend-rjs\src\modules\inapp-help\display\HELP_HomePageMenu.js", "JavaScript", 0, 0, 39, 0, 0, 0, 0, 5, 44
"c:\Users\scy9211\OneDrive - Telia Company\Work Files\share\Work related\Copilot\Projects\Package ERP1\frontend-rjs\src\modules\inapp-help\display\HELP_InventoryPage.js", "JavaScript", 0, 0, 36, 0, 0, 0, 0, 2, 38
"c:\Users\scy9211\OneDrive - Telia Company\Work Files\share\Work related\Copilot\Projects\Package ERP1\frontend-rjs\src\modules\inapp-help\display\HELP_ItemUOMConsolidationPage.js", "JavaScript", 0, 0, 49, 0, 0, 0, 0, 8, 57
"c:\Users\scy9211\OneDrive - Telia Company\Work Files\share\Work related\Copilot\Projects\Package ERP1\frontend-rjs\src\modules\inapp-help\display\HELP_ModifyUserPage.js", "JavaScript", 0, 0, 41, 0, 0, 0, 0, 10, 51
"c:\Users\scy9211\OneDrive - Telia Company\Work Files\share\Work related\Copilot\Projects\Package ERP1\frontend-rjs\src\modules\inapp-help\display\HELP_MoveInventoryPage.js", "JavaScript", 0, 0, 49, 0, 0, 0, 0, 8, 57
"c:\Users\scy9211\OneDrive - Telia Company\Work Files\share\Work related\Copilot\Projects\Package ERP1\frontend-rjs\src\modules\inapp-help\display\HELP_PartnerSearchPage.js", "JavaScript", 0, 0, 36, 0, 0, 0, 0, 6, 42
"c:\Users\scy9211\OneDrive - Telia Company\Work Files\share\Work related\Copilot\Projects\Package ERP1\frontend-rjs\src\modules\inapp-help\display\HELP_ProductsPage.js", "JavaScript", 0, 0, 31, 0, 0, 0, 0, 3, 34
"c:\Users\scy9211\OneDrive - Telia Company\Work Files\share\Work related\Copilot\Projects\Package ERP1\frontend-rjs\src\modules\inapp-help\display\HELP_PurchaseOrdersSearchPage.js", "JavaScript", 0, 0, 55, 0, 0, 0, 0, 11, 66
"c:\Users\scy9211\OneDrive - Telia Company\Work Files\share\Work related\Copilot\Projects\Package ERP1\frontend-rjs\src\modules\inapp-help\display\HELP_PurchasePage.js", "JavaScript", 0, 0, 29, 0, 0, 0, 0, 6, 35
"c:\Users\scy9211\OneDrive - Telia Company\Work Files\share\Work related\Copilot\Projects\Package ERP1\frontend-rjs\src\modules\inapp-help\display\HELP_PutAwayPage.js", "JavaScript", 0, 0, 65, 0, 0, 0, 0, 17, 82
"c:\Users\scy9211\OneDrive - Telia Company\Work Files\share\Work related\Copilot\Projects\Package ERP1\frontend-rjs\src\modules\inapp-help\display\HELP_SearchItemInventoryPage.js", "JavaScript", 0, 0, 41, 0, 0, 0, 0, 12, 53
"c:\Users\scy9211\OneDrive - Telia Company\Work Files\share\Work related\Copilot\Projects\Package ERP1\frontend-rjs\src\modules\inapp-help\display\HELP_SearchJournalPage.js", "JavaScript", 0, 0, 23, 0, 0, 0, 0, 4, 27
"c:\Users\scy9211\OneDrive - Telia Company\Work Files\share\Work related\Copilot\Projects\Package ERP1\frontend-rjs\src\modules\inapp-help\display\HELP_SearchPurchaseInvoicePage.js", "JavaScript", 0, 0, 41, 0, 0, 0, 0, 3, 44
"c:\Users\scy9211\OneDrive - Telia Company\Work Files\share\Work related\Copilot\Projects\Package ERP1\frontend-rjs\src\modules\inapp-help\display\HELP_UOMConversionPage.js", "JavaScript", 0, 0, 45, 0, 0, 0, 0, 8, 53
"c:\Users\scy9211\OneDrive - Telia Company\Work Files\share\Work related\Copilot\Projects\Package ERP1\frontend-rjs\src\modules\inapp-help\display\HELP_UpdateCredentialsPage.js", "JavaScript", 0, 0, 23, 0, 0, 0, 0, 4, 27
"c:\Users\scy9211\OneDrive - Telia Company\Work Files\share\Work related\Copilot\Projects\Package ERP1\frontend-rjs\src\modules\inapp-help\display\HELP_UpdateInspectionPage.js", "JavaScript", 0, 0, 39, 0, 0, 0, 0, 3, 42
"c:\Users\scy9211\OneDrive - Telia Company\Work Files\share\Work related\Copilot\Projects\Package ERP1\frontend-rjs\src\modules\inapp-help\display\HELP_UserRolesPage.js", "JavaScript", 0, 0, 61, 0, 0, 0, 0, 6, 67
"c:\Users\scy9211\OneDrive - Telia Company\Work Files\share\Work related\Copilot\Projects\Package ERP1\frontend-rjs\src\modules\inapp-help\display\HELP_ViewBOMExplodePage.js", "JavaScript", 0, 0, 33, 0, 0, 0, 0, 4, 37
"c:\Users\scy9211\OneDrive - Telia Company\Work Files\share\Work related\Copilot\Projects\Package ERP1\frontend-rjs\src\modules\inapp-help\display\HELP_ViewBOMPage.js", "JavaScript", 0, 0, 21, 0, 0, 0, 0, 7, 28
"c:\Users\scy9211\OneDrive - Telia Company\Work Files\share\Work related\Copilot\Projects\Package ERP1\frontend-rjs\src\modules\inventory\InventoryPage.js", "JavaScript", 0, 0, 50, 0, 0, 0, 5, 8, 63
"c:\Users\scy9211\OneDrive - Telia Company\Work Files\share\Work related\Copilot\Projects\Package ERP1\frontend-rjs\src\modules\inventory\bins\BinsPage.js", "JavaScript", 0, 0, 17, 0, 0, 0, 1, 2, 20
"c:\Users\scy9211\OneDrive - Telia Company\Work Files\share\Work related\Copilot\Projects\Package ERP1\frontend-rjs\src\modules\inventory\bins\ViewAllBinsPage.js", "JavaScript", 0, 0, 17, 0, 0, 0, 1, 4, 22
"c:\Users\scy9211\OneDrive - Telia Company\Work Files\share\Work related\Copilot\Projects\Package ERP1\frontend-rjs\src\modules\inventory\bins\forms\ViewAllBinsForm.js", "JavaScript", 0, 0, 77, 0, 0, 0, 1, 9, 87
"c:\Users\scy9211\OneDrive - Telia Company\Work Files\share\Work related\Copilot\Projects\Package ERP1\frontend-rjs\src\modules\inventory\bins\menus\BinsMenu.js", "JavaScript", 0, 0, 47, 0, 0, 0, 4, 6, 57
"c:\Users\scy9211\OneDrive - Telia Company\Work Files\share\Work related\Copilot\Projects\Package ERP1\frontend-rjs\src\modules\inventory\config\config.js", "JavaScript", 0, 0, 44, 0, 0, 0, 9, 10, 63
"c:\Users\scy9211\OneDrive - Telia Company\Work Files\share\Work related\Copilot\Projects\Package ERP1\frontend-rjs\src\modules\inventory\handling\HandlingPage.js", "JavaScript", 0, 0, 17, 0, 0, 0, 1, 2, 20
"c:\Users\scy9211\OneDrive - Telia Company\Work Files\share\Work related\Copilot\Projects\Package ERP1\frontend-rjs\src\modules\inventory\handling\ItemUOMConsolidationPage.js", "JavaScript", 0, 0, 26, 0, 0, 0, 2, 6, 34
"c:\Users\scy9211\OneDrive - Telia Company\Work Files\share\Work related\Copilot\Projects\Package ERP1\frontend-rjs\src\modules\inventory\handling\MoveInventoryPage.js", "JavaScript", 0, 0, 26, 0, 0, 0, 2, 6, 34
"c:\Users\scy9211\OneDrive - Telia Company\Work Files\share\Work related\Copilot\Projects\Package ERP1\frontend-rjs\src\modules\inventory\handling\UOMConversionPage.js", "JavaScript", 0, 0, 26, 0, 0, 0, 2, 6, 34
"c:\Users\scy9211\OneDrive - Telia Company\Work Files\share\Work related\Copilot\Projects\Package ERP1\frontend-rjs\src\modules\inventory\handling\forms\ItemUOMConsolidationForm.js", "JavaScript", 0, 0, 647, 0, 0, 0, 13, 65, 725
"c:\Users\scy9211\OneDrive - Telia Company\Work Files\share\Work related\Copilot\Projects\Package ERP1\frontend-rjs\src\modules\inventory\handling\forms\MoveInventoryForm.js", "JavaScript", 0, 0, 974, 0, 0, 0, 22, 80, 1076
"c:\Users\scy9211\OneDrive - Telia Company\Work Files\share\Work related\Copilot\Projects\Package ERP1\frontend-rjs\src\modules\inventory\handling\forms\UOMConversionForm.js", "JavaScript", 0, 0, 396, 0, 0, 0, 21, 55, 472
"c:\Users\scy9211\OneDrive - Telia Company\Work Files\share\Work related\Copilot\Projects\Package ERP1\frontend-rjs\src\modules\inventory\handling\menus\HandlingMenu.js", "JavaScript", 0, 0, 46, 0, 0, 0, 4, 6, 56
"c:\Users\scy9211\OneDrive - Telia Company\Work Files\share\Work related\Copilot\Projects\Package ERP1\frontend-rjs\src\modules\inventory\receipts\CreatePOReceiptPage.js", "JavaScript", 0, 0, 26, 0, 0, 0, 2, 6, 34
"c:\Users\scy9211\OneDrive - Telia Company\Work Files\share\Work related\Copilot\Projects\Package ERP1\frontend-rjs\src\modules\inventory\receipts\CreateReceiptPage.js", "JavaScript", 0, 0, 26, 0, 0, 0, 2, 6, 34
"c:\Users\scy9211\OneDrive - Telia Company\Work Files\share\Work related\Copilot\Projects\Package ERP1\frontend-rjs\src\modules\inventory\receipts\ReceiptsPage.js", "JavaScript", 0, 0, 17, 0, 0, 0, 1, 2, 20
"c:\Users\scy9211\OneDrive - Telia Company\Work Files\share\Work related\Copilot\Projects\Package ERP1\frontend-rjs\src\modules\inventory\receipts\ViewAllReceiptsPage.js", "JavaScript", 0, 0, 17, 0, 0, 0, 1, 4, 22
"c:\Users\scy9211\OneDrive - Telia Company\Work Files\share\Work related\Copilot\Projects\Package ERP1\frontend-rjs\src\modules\inventory\receipts\forms\CreatePOReceiptForm.js", "JavaScript", 0, 0, 515, 0, 0, 0, 4, 36, 555
"c:\Users\scy9211\OneDrive - Telia Company\Work Files\share\Work related\Copilot\Projects\Package ERP1\frontend-rjs\src\modules\inventory\receipts\forms\CreateReceiptForm.js", "JavaScript", 0, 0, 390, 0, 0, 0, 5, 32, 427
"c:\Users\scy9211\OneDrive - Telia Company\Work Files\share\Work related\Copilot\Projects\Package ERP1\frontend-rjs\src\modules\inventory\receipts\forms\ViewAllReceiptsForm.js", "JavaScript", 0, 0, 79, 0, 0, 0, 1, 9, 89
"c:\Users\scy9211\OneDrive - Telia Company\Work Files\share\Work related\Copilot\Projects\Package ERP1\frontend-rjs\src\modules\inventory\receipts\menus\ReceiptsMenu.js", "JavaScript", 0, 0, 47, 0, 0, 0, 4, 6, 57
"c:\Users\scy9211\OneDrive - Telia Company\Work Files\share\Work related\Copilot\Projects\Package ERP1\frontend-rjs\src\modules\inventory\transactions\CreateReceiptPage.js", "JavaScript", 0, 0, 26, 0, 0, 0, 2, 6, 34
"c:\Users\scy9211\OneDrive - Telia Company\Work Files\share\Work related\Copilot\Projects\Package ERP1\frontend-rjs\src\modules\inventory\transactions\ItemInventoryResultsPage.js", "JavaScript", 0, 0, 56, 0, 0, 0, 4, 5, 65
"c:\Users\scy9211\OneDrive - Telia Company\Work Files\share\Work related\Copilot\Projects\Package ERP1\frontend-rjs\src\modules\inventory\transactions\PutAwayPage.js", "JavaScript", 0, 0, 26, 0, 0, 0, 2, 6, 34
"c:\Users\scy9211\OneDrive - Telia Company\Work Files\share\Work related\Copilot\Projects\Package ERP1\frontend-rjs\src\modules\inventory\transactions\SearchItemInventoryPage.js", "JavaScript", 0, 0, 33, 0, 0, 0, 1, 8, 42
"c:\Users\scy9211\OneDrive - Telia Company\Work Files\share\Work related\Copilot\Projects\Package ERP1\frontend-rjs\src\modules\inventory\transactions\TransactionsPage.js", "JavaScript", 0, 0, 17, 0, 0, 0, 1, 2, 20
"c:\Users\scy9211\OneDrive - Telia Company\Work Files\share\Work related\Copilot\Projects\Package ERP1\frontend-rjs\src\modules\inventory\transactions\UpdateInspectionPage.js", "JavaScript", 0, 0, 26, 0, 0, 0, 2, 6, 34
"c:\Users\scy9211\OneDrive - Telia Company\Work Files\share\Work related\Copilot\Projects\Package ERP1\frontend-rjs\src\modules\inventory\transactions\ViewAllInspectionsPage.js", "JavaScript", 0, 0, 17, 0, 0, 0, 1, 4, 22
"c:\Users\scy9211\OneDrive - Telia Company\Work Files\share\Work related\Copilot\Projects\Package ERP1\frontend-rjs\src\modules\inventory\transactions\ViewAllItemInventoriesPage.js", "JavaScript", 0, 0, 17, 0, 0, 0, 1, 4, 22
"c:\Users\scy9211\OneDrive - Telia Company\Work Files\share\Work related\Copilot\Projects\Package ERP1\frontend-rjs\src\modules\inventory\transactions\forms\PutAwayForm.js", "JavaScript", 0, 0, 797, 0, 0, 0, 17, 83, 897
"c:\Users\scy9211\OneDrive - Telia Company\Work Files\share\Work related\Copilot\Projects\Package ERP1\frontend-rjs\src\modules\inventory\transactions\forms\SearchItemInventoryForm.js", "JavaScript", 0, 0, 500, 0, 0, 0, 5, 53, 558
"c:\Users\scy9211\OneDrive - Telia Company\Work Files\share\Work related\Copilot\Projects\Package ERP1\frontend-rjs\src\modules\inventory\transactions\forms\UpdateInspectionForm.js", "JavaScript", 0, 0, 495, 0, 0, 0, 30, 45, 570
"c:\Users\scy9211\OneDrive - Telia Company\Work Files\share\Work related\Copilot\Projects\Package ERP1\frontend-rjs\src\modules\inventory\transactions\forms\ViewAllInspectionsForm.js", "JavaScript", 0, 0, 89, 0, 0, 0, 5, 11, 105
"c:\Users\scy9211\OneDrive - Telia Company\Work Files\share\Work related\Copilot\Projects\Package ERP1\frontend-rjs\src\modules\inventory\transactions\forms\ViewAllItemInventoriesForm.js", "JavaScript", 0, 0, 94, 0, 0, 0, 2, 9, 105
"c:\Users\scy9211\OneDrive - Telia Company\Work Files\share\Work related\Copilot\Projects\Package ERP1\frontend-rjs\src\modules\inventory\transactions\menus\TransactionsMenu.js", "JavaScript", 0, 0, 48, 0, 0, 0, 4, 6, 58
"c:\Users\scy9211\OneDrive - Telia Company\Work Files\share\Work related\Copilot\Projects\Package ERP1\frontend-rjs\src\modules\products\ProductsPage.js", "JavaScript", 0, 0, 30, 0, 0, 0, 2, 5, 37
"c:\Users\scy9211\OneDrive - Telia Company\Work Files\share\Work related\Copilot\Projects\Package ERP1\frontend-rjs\src\modules\products\product\ProductPage.js", "JavaScript", 0, 0, 17, 0, 0, 0, 1, 3, 21
"c:\Users\scy9211\OneDrive - Telia Company\Work Files\share\Work related\Copilot\Projects\Package ERP1\frontend-rjs\src\modules\products\product\ViewAllProductsPage.js", "JavaScript", 0, 0, 17, 0, 0, 0, 1, 4, 22
"c:\Users\scy9211\OneDrive - Telia Company\Work Files\share\Work related\Copilot\Projects\Package ERP1\frontend-rjs\src\modules\products\product\forms\ViewAllProductsForm.js", "JavaScript", 0, 0, 121, 0, 0, 0, 7, 11, 139
"c:\Users\scy9211\OneDrive - Telia Company\Work Files\share\Work related\Copilot\Projects\Package ERP1\frontend-rjs\src\modules\products\product\menus\ProductMenu.js", "JavaScript", 0, 0, 45, 0, 0, 0, 1, 6, 52
"c:\Users\scy9211\OneDrive - Telia Company\Work Files\share\Work related\Copilot\Projects\Package ERP1\frontend-rjs\src\modules\products\productcategories\CreateProdCatPage.js", "JavaScript", 0, 0, 26, 0, 0, 0, 2, 6, 34
"c:\Users\scy9211\OneDrive - Telia Company\Work Files\share\Work related\Copilot\Projects\Package ERP1\frontend-rjs\src\modules\products\productcategories\ProductCategoriesPage.js", "JavaScript", 0, 0, 17, 0, 0, 0, 1, 2, 20
"c:\Users\scy9211\OneDrive - Telia Company\Work Files\share\Work related\Copilot\Projects\Package ERP1\frontend-rjs\src\modules\products\productcategories\ViewAllProdCatPage.js", "JavaScript", 0, 0, 17, 0, 0, 0, 1, 4, 22
"c:\Users\scy9211\OneDrive - Telia Company\Work Files\share\Work related\Copilot\Projects\Package ERP1\frontend-rjs\src\modules\products\productcategories\forms\CreateProdCatForm.js", "JavaScript", 0, 0, 211, 0, 0, 0, 4, 18, 233
"c:\Users\scy9211\OneDrive - Telia Company\Work Files\share\Work related\Copilot\Projects\Package ERP1\frontend-rjs\src\modules\products\productcategories\forms\ViewAllProdCatForm.js", "JavaScript", 0, 0, 118, 0, 0, 0, 3, 11, 132
"c:\Users\scy9211\OneDrive - Telia Company\Work Files\share\Work related\Copilot\Projects\Package ERP1\frontend-rjs\src\modules\products\productcategories\menus\ProductsCatMenu.js", "JavaScript", 0, 0, 49, 0, 0, 0, 4, 6, 59
"c:\Users\scy9211\OneDrive - Telia Company\Work Files\share\Work related\Copilot\Projects\Package ERP1\frontend-rjs\src\modules\purchase\PurchasePage.js", "JavaScript", 0, 0, 46, 0, 0, 0, 5, 8, 59
"c:\Users\scy9211\OneDrive - Telia Company\Work Files\share\Work related\Copilot\Projects\Package ERP1\frontend-rjs\src\modules\purchase\config\config.js", "JavaScript", 0, 0, 15, 0, 0, 0, 0, 2, 17
"c:\Users\scy9211\OneDrive - Telia Company\Work Files\share\Work related\Copilot\Projects\Package ERP1\frontend-rjs\src\modules\purchase\purchaseorders\CreatePOPage.js", "JavaScript", 0, 0, 26, 0, 0, 0, 3, 7, 36
"c:\Users\scy9211\OneDrive - Telia Company\Work Files\share\Work related\Copilot\Projects\Package ERP1\frontend-rjs\src\modules\purchase\purchaseorders\PurchaseOrdersPage.js", "JavaScript", 0, 0, 17, 0, 0, 0, 1, 2, 20
"c:\Users\scy9211\OneDrive - Telia Company\Work Files\share\Work related\Copilot\Projects\Package ERP1\frontend-rjs\src\modules\purchase\purchaseorders\PurchaseOrdersSearchPage.js", "JavaScript", 0, 0, 26, 0, 0, 0, 3, 7, 36
"c:\Users\scy9211\OneDrive - Telia Company\Work Files\share\Work related\Copilot\Projects\Package ERP1\frontend-rjs\src\modules\purchase\purchaseorders\ViewAllPurchaseOrdersPage.js", "JavaScript", 0, 0, 17, 0, 0, 0, 1, 4, 22
"c:\Users\scy9211\OneDrive - Telia Company\Work Files\share\Work related\Copilot\Projects\Package ERP1\frontend-rjs\src\modules\purchase\purchaseorders\forms\CreatePOForm.js", "JavaScript", 0, 0, 374, 0, 0, 0, 8, 40, 422
"c:\Users\scy9211\OneDrive - Telia Company\Work Files\share\Work related\Copilot\Projects\Package ERP1\frontend-rjs\src\modules\purchase\purchaseorders\forms\CreatePOLinesModal.js", "JavaScript", 0, 0, 233, 0, 0, 0, 0, 21, 254
"c:\Users\scy9211\OneDrive - Telia Company\Work Files\share\Work related\Copilot\Projects\Package ERP1\frontend-rjs\src\modules\purchase\purchaseorders\forms\PurchaseOrdersSearchForm.js", "JavaScript", 0, 0, 315, 0, 0, 0, 4, 30, 349
"c:\Users\scy9211\OneDrive - Telia Company\Work Files\share\Work related\Copilot\Projects\Package ERP1\frontend-rjs\src\modules\purchase\purchaseorders\forms\ViewPurchaseOrdersForm.js", "JavaScript", 0, 0, 200, 0, 0, 0, 10, 32, 242
"c:\Users\scy9211\OneDrive - Telia Company\Work Files\share\Work related\Copilot\Projects\Package ERP1\frontend-rjs\src\modules\purchase\purchaseorders\menus\PurchaseOrdersMenu.js", "JavaScript", 0, 0, 47, 0, 0, 0, 3, 6, 56
"c:\Users\scy9211\OneDrive - Telia Company\Work Files\share\Work related\Copilot\Projects\Package ERP1\frontend-rjs\src\modules\security\AuthenticationPage.js", "JavaScript", 0, 0, 385, 0, 0, 0, 4, 69, 458
"c:\Users\scy9211\OneDrive - Telia Company\Work Files\share\Work related\Copilot\Projects\Package ERP1\frontend-rjs\src\modules\security\UserRolesPage.js", "JavaScript", 0, 0, 40, 0, 0, 0, 3, 5, 48
"c:\Users\scy9211\OneDrive - Telia Company\Work Files\share\Work related\Copilot\Projects\Package ERP1\frontend-rjs\src\modules\security\accessmgmt\authtoolkit\Logout.js", "JavaScript", 0, 0, 53, 0, 0, 0, 3, 11, 67
"c:\Users\scy9211\OneDrive - Telia Company\Work Files\share\Work related\Copilot\Projects\Package ERP1\frontend-rjs\src\modules\security\accessmgmt\authtoolkit\ModifyUserPage.js", "JavaScript", 0, 0, 26, 0, 0, 0, 2, 6, 34
"c:\Users\scy9211\OneDrive - Telia Company\Work Files\share\Work related\Copilot\Projects\Package ERP1\frontend-rjs\src\modules\security\accessmgmt\authtoolkit\Profile.js", "JavaScript", 0, 0, 50, 0, 0, 0, 4, 10, 64
"c:\Users\scy9211\OneDrive - Telia Company\Work Files\share\Work related\Copilot\Projects\Package ERP1\frontend-rjs\src\modules\security\accessmgmt\authtoolkit\RegisterUserPage.js", "JavaScript", 0, 0, 23, 0, 0, 0, 2, 6, 31
"c:\Users\scy9211\OneDrive - Telia Company\Work Files\share\Work related\Copilot\Projects\Package ERP1\frontend-rjs\src\modules\security\accessmgmt\authtoolkit\TokenExpirationChecker.js", "JavaScript", 0, 0, 37, 0, 0, 0, 0, 8, 45
"c:\Users\scy9211\OneDrive - Telia Company\Work Files\share\Work related\Copilot\Projects\Package ERP1\frontend-rjs\src\modules\security\accessmgmt\authtoolkit\UserName.js", "JavaScript", 0, 0, 20, 0, 0, 0, 2, 5, 27
"c:\Users\scy9211\OneDrive - Telia Company\Work Files\share\Work related\Copilot\Projects\Package ERP1\frontend-rjs\src\modules\security\accessmgmt\authtoolkit\UsersListPage.js", "JavaScript", 0, 0, 19, 0, 0, 0, 1, 4, 24
"c:\Users\scy9211\OneDrive - Telia Company\Work Files\share\Work related\Copilot\Projects\Package ERP1\frontend-rjs\src\modules\security\accessmgmt\authtoolkit\checkTokenExpiration.js", "JavaScript", 0, 0, 5, 0, 0, 0, 2, 2, 9
"c:\Users\scy9211\OneDrive - Telia Company\Work Files\share\Work related\Copilot\Projects\Package ERP1\frontend-rjs\src\modules\security\accessmgmt\authtoolkit\forms\LoginForm.js", "JavaScript", 0, 0, 124, 0, 0, 0, 2, 18, 144
"c:\Users\scy9211\OneDrive - Telia Company\Work Files\share\Work related\Copilot\Projects\Package ERP1\frontend-rjs\src\modules\security\accessmgmt\authtoolkit\forms\ModifyUserForm.js", "JavaScript", 0, 0, 299, 0, 0, 0, 15, 30, 344
"c:\Users\scy9211\OneDrive - Telia Company\Work Files\share\Work related\Copilot\Projects\Package ERP1\frontend-rjs\src\modules\security\accessmgmt\authtoolkit\forms\RegisterUserForm.js", "JavaScript", 0, 0, 258, 0, 0, 0, 14, 26, 298
"c:\Users\scy9211\OneDrive - Telia Company\Work Files\share\Work related\Copilot\Projects\Package ERP1\frontend-rjs\src\modules\security\accessmgmt\authtoolkit\forms\UpdateCredentialsForm.js", "JavaScript", 0, 0, 308, 0, 0, 0, 21, 38, 367
"c:\Users\scy9211\OneDrive - Telia Company\Work Files\share\Work related\Copilot\Projects\Package ERP1\frontend-rjs\src\modules\security\accessmgmt\authtoolkit\forms\UsersListForm.js", "JavaScript", 0, 0, 75, 0, 0, 0, 3, 12, 90
"c:\Users\scy9211\OneDrive - Telia Company\Work Files\share\Work related\Copilot\Projects\Package ERP1\frontend-rjs\src\modules\security\accessmgmt\authtoolkit\useAuth.js", "JavaScript", 0, 0, 8, 0, 0, 0, 2, 6, 16
"c:\Users\scy9211\OneDrive - Telia Company\Work Files\share\Work related\Copilot\Projects\Package ERP1\frontend-rjs\src\modules\security\accessmgmt\authtoolkit\useToken.js", "JavaScript", 0, 0, 106, 0, 0, 0, 9, 21, 136
"c:\Users\scy9211\OneDrive - Telia Company\Work Files\share\Work related\Copilot\Projects\Package ERP1\frontend-rjs\src\modules\security\menus\PermissionsMenu.js", "JavaScript", 0, 0, 41, 0, 0, 0, 4, 7, 52
"c:\Users\scy9211\OneDrive - Telia Company\Work Files\share\Work related\Copilot\Projects\Package ERP1\frontend-rjs\src\modules\security\menus\UserRolesMenu.js", "JavaScript", 0, 0, 41, 0, 0, 0, 4, 7, 52
"c:\Users\scy9211\OneDrive - Telia Company\Work Files\share\Work related\Copilot\Projects\Package ERP1\frontend-rjs\src\modules\security\modulepermissions\AccessControlWrapper.js", "JavaScript", 0, 0, 24, 0, 0, 0, 3, 9, 36
"c:\Users\scy9211\OneDrive - Telia Company\Work Files\share\Work related\Copilot\Projects\Package ERP1\frontend-rjs\src\modules\security\modulepermissions\AssignUserModules.js", "JavaScript", 0, 0, 22, 0, 0, 0, 1, 5, 28
"c:\Users\scy9211\OneDrive - Telia Company\Work Files\share\Work related\Copilot\Projects\Package ERP1\frontend-rjs\src\modules\security\modulepermissions\CheckModuleAccess.js", "JavaScript", 0, 0, 9, 0, 0, 0, 0, 5, 14
"c:\Users\scy9211\OneDrive - Telia Company\Work Files\share\Work related\Copilot\Projects\Package ERP1\frontend-rjs\src\modules\security\modulepermissions\GrantPermissions.js", "JavaScript", 0, 0, 22, 0, 0, 0, 0, 5, 27
"c:\Users\scy9211\OneDrive - Telia Company\Work Files\share\Work related\Copilot\Projects\Package ERP1\frontend-rjs\src\modules\security\modulepermissions\ListUserPermissions.js", "JavaScript", 0, 0, 17, 0, 0, 0, 0, 5, 22
"c:\Users\scy9211\OneDrive - Telia Company\Work Files\share\Work related\Copilot\Projects\Package ERP1\frontend-rjs\src\modules\security\modulepermissions\LoadModulestoDB.js", "JavaScript", 0, 0, 16, 0, 0, 0, 0, 5, 21
"c:\Users\scy9211\OneDrive - Telia Company\Work Files\share\Work related\Copilot\Projects\Package ERP1\frontend-rjs\src\modules\security\modulepermissions\ModulePermissions.js", "JavaScript", 0, 0, 51, 0, 0, 0, 1, 8, 60
"c:\Users\scy9211\OneDrive - Telia Company\Work Files\share\Work related\Copilot\Projects\Package ERP1\frontend-rjs\src\modules\security\modulepermissions\PermissionsContext.js", "JavaScript", 0, 0, 8, 0, 0, 0, 1, 4, 13
"c:\Users\scy9211\OneDrive - Telia Company\Work Files\share\Work related\Copilot\Projects\Package ERP1\frontend-rjs\src\modules\security\modulepermissions\UseAccessControl.js", "JavaScript", 0, 0, 14, 0, 0, 0, 1, 5, 20
"c:\Users\scy9211\OneDrive - Telia Company\Work Files\share\Work related\Copilot\Projects\Package ERP1\frontend-rjs\src\modules\security\modulepermissions\forms\AssignUserModulesForm.js", "JavaScript", 0, 0, 227, 0, 0, 0, 8, 30, 265
"c:\Users\scy9211\OneDrive - Telia Company\Work Files\share\Work related\Copilot\Projects\Package ERP1\frontend-rjs\src\modules\security\modulepermissions\forms\GrantPermissionsForm.js", "JavaScript", 0, 0, 251, 0, 0, 0, 11, 33, 295
"c:\Users\scy9211\OneDrive - Telia Company\Work Files\share\Work related\Copilot\Projects\Package ERP1\frontend-rjs\src\modules\security\modulepermissions\forms\ListUserPermissionsForm.js", "JavaScript", 0, 0, 90, 0, 0, 0, 4, 12, 106
"c:\Users\scy9211\OneDrive - Telia Company\Work Files\share\Work related\Copilot\Projects\Package ERP1\frontend-rjs\src\modules\security\modulepermissions\forms\LoadModulestoDBForm.js", "JavaScript", 0, 0, 56, 0, 0, 0, 4, 12, 72
"c:\Users\scy9211\OneDrive - Telia Company\Work Files\share\Work related\Copilot\Projects\Package ERP1\frontend-rjs\src\modules\security\modulepermissions\hasPermission.js", "JavaScript", 0, 0, 9, 0, 0, 0, 1, 6, 16
"c:\Users\scy9211\OneDrive - Telia Company\Work Files\share\Work related\Copilot\Projects\Package ERP1\frontend-rjs\src\modules\security\setups\config.js", "JavaScript", 0, 0, 0, 0, 0, 0, 0, 1, 1
"c:\Users\scy9211\OneDrive - Telia Company\Work Files\share\Work related\Copilot\Projects\Package ERP1\frontend-rjs\src\modules\utilities\BottomContainer.js", "JavaScript", 0, 0, 54, 0, 0, 0, 0, 3, 57
"c:\Users\scy9211\OneDrive - Telia Company\Work Files\share\Work related\Copilot\Projects\Package ERP1\frontend-rjs\src\modules\utilities\ButtonComponent.js", "JavaScript", 0, 0, 16, 0, 0, 0, 0, 3, 19
"c:\Users\scy9211\OneDrive - Telia Company\Work Files\share\Work related\Copilot\Projects\Package ERP1\frontend-rjs\src\modules\utilities\DisplayCard.js", "JavaScript", 0, 0, 22, 0, 0, 0, 0, 5, 27
"c:\Users\scy9211\OneDrive - Telia Company\Work Files\share\Work related\Copilot\Projects\Package ERP1\frontend-rjs\src\modules\utilities\DocumentationContainer.js", "JavaScript", 0, 0, 71, 0, 0, 0, 3, 11, 85
"c:\Users\scy9211\OneDrive - Telia Company\Work Files\share\Work related\Copilot\Projects\Package ERP1\frontend-rjs\src\modules\utilities\DocumentationContainerBKP.js", "JavaScript", 0, 0, 73, 0, 0, 0, 3, 11, 87
"c:\Users\scy9211\OneDrive - Telia Company\Work Files\share\Work related\Copilot\Projects\Package ERP1\frontend-rjs\src\modules\utilities\Logs\logger.js", "JavaScript", 0, 0, 10, 0, 0, 0, 4, 7, 21
"c:\Users\scy9211\OneDrive - Telia Company\Work Files\share\Work related\Copilot\Projects\Package ERP1\frontend-rjs\src\modules\utilities\RotatingImage.js", "JavaScript", 0, 0, 30, 0, 0, 0, 0, 7, 37
"c:\Users\scy9211\OneDrive - Telia Company\Work Files\share\Work related\Copilot\Projects\Package ERP1\frontend-rjs\src\modules\utilities\ViewEmailsPage.js", "JavaScript", 0, 0, 58, 0, 0, 0, 0, 8, 66
"c:\Users\scy9211\OneDrive - Telia Company\Work Files\share\Work related\Copilot\Projects\Package ERP1\frontend-rjs\src\modules\utilities\button\behaviorOptions.js", "JavaScript", 0, 0, 9, 0, 0, 0, 2, 4, 15
"c:\Users\scy9211\OneDrive - Telia Company\Work Files\share\Work related\Copilot\Projects\Package ERP1\frontend-rjs\src\modules\utilities\button\useButtonBehavior.js", "JavaScript", 0, 0, 15, 0, 0, 0, 1, 4, 20
"c:\Users\scy9211\OneDrive - Telia Company\Work Files\share\Work related\Copilot\Projects\Package ERP1\frontend-rjs\src\modules\utilities\css\appcss.css", "CSS", 0, 0, 0, 0, 472, 0, 14, 104, 590
"c:\Users\scy9211\OneDrive - Telia Company\Work Files\share\Work related\Copilot\Projects\Package ERP1\frontend-rjs\src\modules\utilities\css\doccss.css", "CSS", 0, 0, 0, 0, 65, 0, 2, 17, 84
"c:\Users\scy9211\OneDrive - Telia Company\Work Files\share\Work related\Copilot\Projects\Package ERP1\frontend-rjs\src\reportWebVitals.js", "JavaScript", 0, 0, 12, 0, 0, 0, 0, 2, 14
"c:\Users\scy9211\OneDrive - Telia Company\Work Files\share\Work related\Copilot\Projects\Package ERP1\frontend-rjs\src\setupTests.js", "JavaScript", 0, 0, 1, 0, 0, 0, 4, 1, 6
"Total", "-", 21112, 38, 22506, 1, 582, 20, 782, 3012, 48053